customer_id,first_name,last_name,email,phone,gender,birth_date,created_at_date_id,created_at_time,marketing_opt_in,address_type,street,city,province,country_code,postal_code,created_at_date_address,created_at_time_address,is_primary
1,Francisco,Fernández,francisco.fernandez@example.com,+54 9 0333-7484-991,M,1985-07-19,22,19:04:36,False,shipping,Dorrego 2854,Mendoza,Santa Fe,AR,2251,2025-01-22,19:04:36,True
1,Francisco,Fernández,francisco.fernandez@example.com,+54 9 0333-7484-991,M,1985-07-19,22,19:04:36,False,billing,Guemes 3276,Neuquén,CABA,AR,6724,2025-01-22,19:04:36,True
2,Lorenzo,López,lorenzo.lopez@example.com,+54 9 0721-3504-878,X,1985-02-05,,07:10:56,True,shipping,Dorrego 9336,Salta,Neuquén,AR,8354,2024-11-09,07:10:56,True
3,Mía,Herrera,mia.herrera@example.com,+54 9 0290-8682-552,X,1990-11-11,,16:00:40,True,shipping,Av. Santa Fe 5866,Comodoro Rivadavia,Mendoza,AR,9312,2024-09-16,16:00:40,True
3,Mía,Herrera,mia.herrera@example.com,+54 9 0290-8682-552,X,1990-11-11,,16:00:40,True,billing,Av. Santa Fe 1032,Salta,Neuquén,AR,7041,2024-09-16,16:00:40,True
4,Joaquín,González,joaquin.gonzalez@example.com,+54 9 1906-1672-560,X,1975-10-20,76,13:59:54,True,shipping,Urquiza 8314,Comodoro Rivadavia,Tucumán,AR,3471,2025-03-17,13:59:54,True
5,Victoria,Fernández,victoria.fernandez@example.com,+54 9 0717-1641-353,X,1991-12-03,75,23:31:29,True,shipping,Guemes 2700,Neuquén,Neuquén,AR,6962,2025-03-16,23:31:29,True
5,Victoria,Fernández,victoria.fernandez@example.com,+54 9 0717-1641-353,X,1991-12-03,75,23:31:29,True,billing,Lavalle 5643,San Miguel de Tucumán,Mendoza,AR,1857,2025-03-16,23:31:29,True
6,Camila,González,camila.gonzalez@example.com,+54 9 1174-5128-841,X,1991-02-18,164,14:04:27,False,shipping,Reconquista 1435,Mar del Plata,Entre Ríos,AR,3317,2025-06-13,14:04:27,True
7,Joaquín,Sosa,joaquin.sosa@example.com,+54 9 2300-7171-758,M,1978-10-23,,11:16:17,False,shipping,Mitre 7037,La Plata,Chubut,AR,9331,2024-08-13,11:16:17,True
7,Joaquín,Sosa,joaquin.sosa@example.com,+54 9 2300-7171-758,M,1978-10-23,,11:16:17,False,billing,Av. Belgrano 3609,Rosario,Tucumán,AR,6598,2024-08-13,11:16:17,True
8,Lucas,Pérez,lucas.perez@example.com,+54 9 0425-9317-889,X,1984-03-05,,10:46:10,False,shipping,Mitre 5617,Buenos Aires,Chubut,AR,3147,2024-08-09,10:46:10,True
8,Lucas,Pérez,lucas.perez@example.com,+54 9 0425-9317-889,X,1984-03-05,,10:46:10,False,billing,Av. Belgrano 2812,Mar del Plata,Córdoba,AR,8170,2024-08-09,10:46:10,True
9,Mateo,Torres,mateo.torres@example.com,+54 9 2511-5668-870,X,1993-11-24,,16:10:22,False,shipping,Av. Rivadavia 5170,Neuquén,Santa Fe,AR,8684,2024-10-30,16:10:22,True
10,Isabella,Romero,isabella.romero@example.com,+54 9 1575-9239-640,M,2006-08-15,210,10:15:32,False,shipping,Av. Belgrano 4196,Comodoro Rivadavia,Santa Fe,AR,1854,2025-07-29,10:15:32,True
11,Lorenzo,Acosta,lorenzo.acosta@example.com,+54 9 1178-2374-881,F,1976-12-28,81,04:32:21,True,shipping,Lavalle 1602,Mar del Plata,Chubut,AR,4637,2025-03-22,04:32:21,True
12,Lorenzo,García,lorenzo.garcia@example.com,+54 9 0976-7326-183,M,1996-01-13,74,13:36:55,True,shipping,Alsina 5593,La Plata,Tucumán,AR,3392,2025-03-15,13:36:55,True
12,Lorenzo,García,lorenzo.garcia@example.com,+54 9 0976-7326-183,M,1996-01-13,74,13:36:55,True,billing,Alsina 2373,Salta,Mendoza,AR,8685,2025-03-15,13:36:55,True
13,Victoria,Herrera,victoria.herrera@example.com,+54 9 0623-9991-844,X,1970-02-01,,07:51:06,True,shipping,Av. Rivadavia 5034,Rosario,CABA,AR,2996,2024-11-09,07:51:06,True
13,Victoria,Herrera,victoria.herrera@example.com,+54 9 0623-9991-844,X,1970-02-01,,07:51:06,True,billing,Dorrego 7589,Paraná,Salta,AR,2029,2024-11-09,07:51:06,True
14,Santiago,Ramírez,santiago.ramirez@example.com,+54 9 1001-3352-398,M,2004-01-21,80,20:56:12,True,shipping,Sarmiento 6925,Córdoba,Tucumán,AR,4068,2025-03-21,20:56:12,True
15,Valentina,Flores,valentina.flores@example.com,+54 9 2090-1333-499,M,1993-02-17,95,18:28:16,True,shipping,Calle San Martín 366,Mendoza,Salta,AR,6850,2025-04-05,18:28:16,True
16,Lorenzo,Gómez,lorenzo.gomez@example.com,+54 9 0557-1726-460,X,1976-10-24,204,12:06:23,True,shipping,Urquiza 7940,Paraná,Córdoba,AR,3986,2025-07-23,12:06:23,True
17,Valentina,Ruiz,valentina.ruiz@example.com,+54 9 0182-6170-417,X,1972-05-07,,07:15:44,True,shipping,Calle San Martín 699,Salta,Chubut,AR,4131,2024-07-23,07:15:44,True
17,Valentina,Ruiz,valentina.ruiz@example.com,+54 9 0182-6170-417,X,1972-05-07,,07:15:44,True,billing,Reconquista 4576,Paraná,Buenos Aires,AR,3039,2024-07-23,07:15:44,True
18,Lorenzo,Torres,lorenzo.torres@example.com,+54 9 0776-9129-808,M,1995-12-15,14,12:20:38,True,shipping,Dorrego 1453,Rosario,Chubut,AR,7955,2025-01-14,12:20:38,True
18,Lorenzo,Torres,lorenzo.torres@example.com,+54 9 0776-9129-808,M,1995-12-15,14,12:20:38,True,billing,Guemes 4913,Mar del Plata,Entre Ríos,AR,6262,2025-01-14,12:20:38,True
19,Santiago,González,santiago.gonzalez@example.com,+54 9 2479-7981-270,X,1990-11-10,,16:14:07,True,shipping,Alsina 5876,Buenos Aires,Neuquén,AR,8126,2024-12-04,16:14:07,True
19,Santiago,González,santiago.gonzalez@example.com,+54 9 2479-7981-270,X,1990-11-10,,16:14:07,True,billing,Mitre 6755,La Plata,Buenos Aires,AR,6952,2024-12-04,16:14:07,True
20,Emma,Martínez,emma.martinez@example.com,+54 9 0153-3068-168,F,1971-03-28,128,15:57:12,False,shipping,Lavalle 9393,Mendoza,Tucumán,AR,1530,2025-05-08,15:57:12,True
21,Victoria,Romero,victoria.romero@example.com,+54 9 0574-9674-475,M,1993-08-25,,20:53:45,True,shipping,Av. Corrientes 524,Córdoba,Mendoza,AR,4048,2024-08-09,20:53:45,True
21,Victoria,Romero,victoria.romero@example.com,+54 9 0574-9674-475,M,1993-08-25,,20:53:45,True,billing,Av. Corrientes 4388,Neuquén,Salta,AR,5264,2024-08-09,20:53:45,True
22,Victoria,Pérez,victoria.perez@example.com,+54 9 0566-2213-562,F,1988-12-16,,04:27:54,False,shipping,Dorrego 5336,La Plata,Neuquén,AR,6692,2024-10-11,04:27:54,True
23,Dante,Acosta,dante.acosta@example.com,+54 9 0724-6922-620,F,1988-05-28,,23:13:04,True,shipping,Av. Rivadavia 8194,Mar del Plata,Santa Fe,AR,1430,2024-09-19,23:13:04,True
23,Dante,Acosta,dante.acosta@example.com,+54 9 0724-6922-620,F,1988-05-28,,23:13:04,True,billing,Urquiza 9138,Mendoza,Entre Ríos,AR,3126,2024-09-19,23:13:04,True
24,Tomás,González,tomas.gonzalez@example.com,+54 9 2164-7730-887,M,1974-05-13,184,17:25:39,False,shipping,Reconquista 1315,Mar del Plata,CABA,AR,8372,2025-07-03,17:25:39,True
24,Tomás,González,tomas.gonzalez@example.com,+54 9 2164-7730-887,M,1974-05-13,184,17:25:39,False,billing,Av. Belgrano 9132,Mendoza,Chubut,AR,3981,2025-07-03,17:25:39,True
25,Martina,Torres,martina.torres@example.com,+54 9 0637-5982-268,F,2002-01-27,,18:51:48,True,shipping,Guemes 4753,Mendoza,Santa Fe,AR,2292,2024-09-02,18:51:48,True
25,Martina,Torres,martina.torres@example.com,+54 9 0637-5982-268,F,2002-01-27,,18:51:48,True,billing,Av. Belgrano 5061,Rosario,Chubut,AR,9740,2024-09-02,18:51:48,True
26,Valentina,Flores,valentina.flores.1@example.com,+54 9 2709-6531-962,X,1980-10-19,,06:13:59,True,shipping,Av. Santa Fe 9549,La Plata,Buenos Aires,AR,5336,2024-09-17,06:13:59,True
27,Mía,Torres,mia.torres@example.com,+54 9 2640-5949-594,F,1971-08-21,96,10:32:47,False,shipping,Urquiza 1295,Rosario,Salta,AR,1981,2025-04-06,10:32:47,True
27,Mía,Torres,mia.torres@example.com,+54 9 2640-5949-594,F,1971-08-21,96,10:32:47,False,billing,Urquiza 3442,Salta,Salta,AR,6573,2025-04-06,10:32:47,True
28,Tomás,López,tomas.lopez@example.com,+54 9 1644-3142-878,M,1990-12-11,192,12:34:28,True,shipping,Av. Rivadavia 7742,Mendoza,CABA,AR,3007,2025-07-11,12:34:28,True
28,Tomás,López,tomas.lopez@example.com,+54 9 1644-3142-878,M,1990-12-11,192,12:34:28,True,billing,Av. Corrientes 929,Mar del Plata,Santa Fe,AR,5754,2025-07-11,12:34:28,True
29,Julieta,Herrera,julieta.herrera@example.com,+54 9 2377-6123-294,F,1996-04-28,,11:55:17,True,shipping,Urquiza 5155,Salta,Chubut,AR,9148,2024-09-20,11:55:17,True
29,Julieta,Herrera,julieta.herrera@example.com,+54 9 2377-6123-294,F,1996-04-28,,11:55:17,True,billing,Urquiza 4044,Neuquén,Salta,AR,4524,2024-09-20,11:55:17,True
30,Mía,Romero,mia.romero@example.com,+54 9 2690-8710-392,X,1973-01-10,70,21:45:17,True,shipping,Av. Belgrano 4433,San Miguel de Tucumán,CABA,AR,6992,2025-03-11,21:45:17,True
31,Lorenzo,Rodríguez,lorenzo.rodriguez@example.com,+54 9 1495-5728-175,M,1995-01-19,104,07:05:13,True,shipping,Sarmiento 2046,Rosario,Chubut,AR,3108,2025-04-14,07:05:13,True
32,Julieta,Romero,julieta.romero@example.com,+54 9 0826-9341-511,X,1991-09-12,203,05:15:09,True,shipping,Alsina 5556,Mar del Plata,Buenos Aires,AR,8761,2025-07-22,05:15:09,True
32,Julieta,Romero,julieta.romero@example.com,+54 9 0826-9341-511,X,1991-09-12,203,05:15:09,True,billing,Guemes 2390,Comodoro Rivadavia,Córdoba,AR,6373,2025-07-22,05:15:09,True
33,Tomás,Álvarez,tomas.alvarez@example.com,+54 9 2442-6511-619,X,1980-07-20,195,10:53:41,True,shipping,Urquiza 372,Rosario,Entre Ríos,AR,7035,2025-07-14,10:53:41,True
33,Tomás,Álvarez,tomas.alvarez@example.com,+54 9 2442-6511-619,X,1980-07-20,195,10:53:41,True,billing,Sarmiento 5140,San Miguel de Tucumán,CABA,AR,1436,2025-07-14,10:53:41,True
34,Tomás,Ramírez,tomas.ramirez@example.com,+54 9 2376-4728-838,F,1986-11-26,214,21:03:41,True,shipping,Mitre 6329,Neuquén,Córdoba,AR,3421,2025-08-02,21:03:41,True
35,Benjamín,Rodríguez,benjamin.rodriguez@example.com,+54 9 1817-6139-528,F,2006-12-04,,00:41:22,True,shipping,Guemes 7826,San Miguel de Tucumán,Santa Fe,AR,2020,2024-10-06,00:41:22,True
36,Emma,Pérez,emma.perez@example.com,+54 9 1554-6140-277,M,2005-06-22,61,19:07:55,False,shipping,Reconquista 4431,Neuquén,Tucumán,AR,8932,2025-03-02,19:07:55,True
36,Emma,Pérez,emma.perez@example.com,+54 9 1554-6140-277,M,2005-06-22,61,19:07:55,False,billing,Guemes 4990,Rosario,Santa Fe,AR,4684,2025-03-02,19:07:55,True
37,Joaquín,Muñoz,joaquin.muñoz@example.com,+54 9 1976-6714-673,X,1983-12-23,67,11:32:35,True,shipping,Mitre 8999,Comodoro Rivadavia,CABA,AR,7220,2025-03-08,11:32:35,True
38,Julieta,Romero,julieta.romero.1@example.com,+54 9 1429-8247-771,M,1979-05-02,,02:52:38,False,shipping,Guemes 4542,Córdoba,Santa Fe,AR,5450,2024-11-25,02:52:38,True
38,Julieta,Romero,julieta.romero.1@example.com,+54 9 1429-8247-771,M,1979-05-02,,02:52:38,False,billing,Sarmiento 4020,CABA,Entre Ríos,AR,4972,2024-11-25,02:52:38,True
39,Mateo,Flores,mateo.flores@example.com,+54 9 1703-6411-834,M,1984-11-08,,03:38:53,True,shipping,Guemes 2687,Buenos Aires,Córdoba,AR,7666,2024-07-27,03:38:53,True
40,Lucas,Ramírez,lucas.ramirez@example.com,+54 9 0253-2465-767,X,1982-05-11,,23:30:59,True,shipping,Lavalle 2980,Mar del Plata,Buenos Aires,AR,1595,2024-11-24,23:30:59,True
41,Julieta,Ramírez,julieta.ramirez@example.com,+54 9 0048-5888-681,X,1981-12-28,,01:21:50,True,shipping,Urquiza 9001,Rosario,Tucumán,AR,9590,2024-11-26,01:21:50,True
41,Julieta,Ramírez,julieta.ramirez@example.com,+54 9 0048-5888-681,X,1981-12-28,,01:21:50,True,billing,Urquiza 4570,Neuquén,Córdoba,AR,4159,2024-11-26,01:21:50,True
42,Santiago,Álvarez,santiago.alvarez@example.com,+54 9 2954-4050-114,X,1980-12-15,148,09:22:00,True,shipping,Mitre 3264,Comodoro Rivadavia,Mendoza,AR,3875,2025-05-28,09:22:00,True
43,Julieta,Torres,julieta.torres@example.com,+54 9 0767-3303-588,M,2002-06-03,22,03:28:22,False,shipping,Lavalle 3958,Rosario,Buenos Aires,AR,8319,2025-01-22,03:28:22,True
44,Camila,Muñoz,camila.muñoz@example.com,+54 9 2848-4871-163,X,2006-01-09,151,13:05:27,True,shipping,Lavalle 8333,Mar del Plata,Mendoza,AR,6095,2025-05-31,13:05:27,True
45,Joaquín,Romero,joaquin.romero@example.com,+54 9 1874-7121-525,X,1984-04-05,61,05:34:38,True,shipping,Dorrego 3678,Neuquén,Neuquén,AR,5054,2025-03-02,05:34:38,True
46,Tomás,González,tomas.gonzalez.1@example.com,+54 9 0330-2838-163,X,2003-08-17,177,13:10:19,False,shipping,Guemes 2555,Comodoro Rivadavia,Santa Fe,AR,3695,2025-06-26,13:10:19,True
46,Tomás,González,tomas.gonzalez.1@example.com,+54 9 0330-2838-163,X,2003-08-17,177,13:10:19,False,billing,Av. Corrientes 3465,Salta,Chubut,AR,9008,2025-06-26,13:10:19,True
47,Valentina,Flores,valentina.flores.2@example.com,+54 9 1712-8484-677,F,1998-01-15,,18:41:12,True,shipping,Av. Santa Fe 6587,CABA,Mendoza,AR,5169,2024-09-06,18:41:12,True
48,Isabella,Benítez,isabella.benitez@example.com,+54 9 2227-1987-170,M,1974-01-14,,02:19:17,True,shipping,Dorrego 2318,Mar del Plata,Salta,AR,7887,2024-12-24,02:19:17,True
48,Isabella,Benítez,isabella.benitez@example.com,+54 9 2227-1987-170,M,1974-01-14,,02:19:17,True,billing,Lavalle 6254,Salta,Salta,AR,2314,2024-12-24,02:19:17,True
49,Dante,López,dante.lopez@example.com,+54 9 2177-3086-845,F,1992-02-06,92,14:18:38,False,shipping,Urquiza 9020,Rosario,Buenos Aires,AR,7948,2025-04-02,14:18:38,True
49,Dante,López,dante.lopez@example.com,+54 9 2177-3086-845,F,1992-02-06,92,14:18:38,False,billing,Urquiza 5771,Córdoba,Santa Fe,AR,3541,2025-04-02,14:18:38,True
50,Catalina,Pérez,catalina.perez@example.com,+54 9 2529-1256-346,F,1977-01-26,155,15:15:50,True,shipping,Urquiza 9894,Buenos Aires,Entre Ríos,AR,1797,2025-06-04,15:15:50,True
50,Catalina,Pérez,catalina.perez@example.com,+54 9 2529-1256-346,F,1977-01-26,155,15:15:50,True,billing,Urquiza 3939,San Miguel de Tucumán,Buenos Aires,AR,9843,2025-06-04,15:15:50,True
51,Isabella,Rodríguez,isabella.rodriguez@example.com,+54 9 1317-6253-342,M,1978-09-10,,20:58:31,False,shipping,Lavalle 5023,Córdoba,Chubut,AR,5508,2024-10-28,20:58:31,True
51,Isabella,Rodríguez,isabella.rodriguez@example.com,+54 9 1317-6253-342,M,1978-09-10,,20:58:31,False,billing,Av. Belgrano 7099,CABA,Entre Ríos,AR,9120,2024-10-28,20:58:31,True
52,Mateo,Romero,mateo.romero@example.com,+54 9 1683-3444-407,M,1994-09-11,173,15:09:28,True,shipping,Av. Rivadavia 3792,Salta,Chubut,AR,5927,2025-06-22,15:09:28,True
53,Martina,Ruiz,martina.ruiz@example.com,+54 9 2181-3196-497,F,1973-09-14,30,20:17:24,True,shipping,Av. Corrientes 7469,Paraná,Tucumán,AR,7079,2025-01-30,20:17:24,True
53,Martina,Ruiz,martina.ruiz@example.com,+54 9 2181-3196-497,F,1973-09-14,30,20:17:24,True,billing,Calle San Martín 6279,Buenos Aires,Santa Fe,AR,1647,2025-01-30,20:17:24,True
54,Valentina,Pérez,valentina.perez@example.com,+54 9 1252-1251-316,F,2005-04-16,,12:07:22,False,shipping,Dorrego 7946,CABA,CABA,AR,4974,2024-10-15,12:07:22,True
55,Isabella,Sosa,isabella.sosa@example.com,+54 9 1570-8639-646,X,1985-09-11,214,10:18:21,True,shipping,Guemes 8247,Mendoza,Mendoza,AR,8635,2025-08-02,10:18:21,True
55,Isabella,Sosa,isabella.sosa@example.com,+54 9 1570-8639-646,X,1985-09-11,214,10:18:21,True,billing,Av. Rivadavia 6173,Mendoza,Neuquén,AR,6126,2025-08-02,10:18:21,True
56,Francisco,Rodríguez,francisco.rodriguez@example.com,+54 9 1079-7841-402,F,2006-04-24,,00:35:25,True,shipping,Sarmiento 4126,San Miguel de Tucumán,Santa Fe,AR,9180,2024-09-13,00:35:25,True
56,Francisco,Rodríguez,francisco.rodriguez@example.com,+54 9 1079-7841-402,F,2006-04-24,,00:35:25,True,billing,Dorrego 8105,Rosario,Tucumán,AR,9037,2024-09-13,00:35:25,True
57,Victoria,Martínez,victoria.martinez@example.com,+54 9 2011-4015-655,X,1992-03-05,185,19:53:56,False,shipping,Av. Corrientes 894,Buenos Aires,Chubut,AR,1104,2025-07-04,19:53:56,True
57,Victoria,Martínez,victoria.martinez@example.com,+54 9 2011-4015-655,X,1992-03-05,185,19:53:56,False,billing,Alsina 2574,La Plata,Santa Fe,AR,1149,2025-07-04,19:53:56,True
58,Isabella,Flores,isabella.flores@example.com,+54 9 2742-8916-775,M,1999-06-02,133,23:13:08,True,shipping,Lavalle 294,Neuquén,Chubut,AR,1274,2025-05-13,23:13:08,True
58,Isabella,Flores,isabella.flores@example.com,+54 9 2742-8916-775,M,1999-06-02,133,23:13:08,True,billing,Calle San Martín 380,Neuquén,Mendoza,AR,9228,2025-05-13,23:13:08,True
59,Francisco,Martínez,francisco.martinez@example.com,+54 9 0797-9625-358,M,1976-02-17,,08:46:24,True,shipping,Reconquista 6752,La Plata,Salta,AR,8520,2024-09-15,08:46:24,True
59,Francisco,Martínez,francisco.martinez@example.com,+54 9 0797-9625-358,M,1976-02-17,,08:46:24,True,billing,Mitre 1420,Rosario,Santa Fe,AR,1519,2024-09-15,08:46:24,True
60,Valentina,Sosa,valentina.sosa@example.com,+54 9 2619-1154-819,F,1994-07-18,60,02:02:35,True,shipping,Dorrego 5527,Paraná,Salta,AR,2562,2025-03-01,02:02:35,True
61,Mateo,Gómez,mateo.gomez@example.com,+54 9 0201-2218-800,M,1983-12-19,60,09:52:12,False,shipping,Av. Santa Fe 3038,Paraná,Entre Ríos,AR,6152,2025-03-01,09:52:12,True
61,Mateo,Gómez,mateo.gomez@example.com,+54 9 0201-2218-800,M,1983-12-19,60,09:52:12,False,billing,Av. Belgrano 6625,Comodoro Rivadavia,Santa Fe,AR,2260,2025-03-01,09:52:12,True
62,Joaquín,Martínez,joaquin.martinez@example.com,+54 9 1369-7288-873,X,2006-04-19,16,19:40:52,True,shipping,Alsina 5766,Neuquén,CABA,AR,1879,2025-01-16,19:40:52,True
62,Joaquín,Martínez,joaquin.martinez@example.com,+54 9 1369-7288-873,X,2006-04-19,16,19:40:52,True,billing,Reconquista 9858,La Plata,Santa Fe,AR,7499,2025-01-16,19:40:52,True
63,Camila,García,camila.garcia@example.com,+54 9 2276-7150-542,F,1987-08-16,,12:57:16,True,shipping,Dorrego 4939,La Plata,Salta,AR,5037,2024-10-25,12:57:16,True
64,Valentina,Díaz,valentina.diaz@example.com,+54 9 0642-7383-424,M,1979-07-23,218,23:04:46,True,shipping,Urquiza 5996,Rosario,Buenos Aires,AR,5419,2025-08-06,23:04:46,True
64,Valentina,Díaz,valentina.diaz@example.com,+54 9 0642-7383-424,M,1979-07-23,218,23:04:46,True,billing,Lavalle 7453,Mar del Plata,CABA,AR,9395,2025-08-06,23:04:46,True
65,Francisco,Fernández,francisco.fernandez.1@example.com,+54 9 2456-6315-984,M,1971-02-12,100,03:23:18,True,shipping,Dorrego 1487,San Miguel de Tucumán,Salta,AR,4977,2025-04-10,03:23:18,True
65,Francisco,Fernández,francisco.fernandez.1@example.com,+54 9 2456-6315-984,M,1971-02-12,100,03:23:18,True,billing,Lavalle 2877,Paraná,Córdoba,AR,3274,2025-04-10,03:23:18,True
66,Catalina,Muñoz,catalina.muñoz@example.com,+54 9 1791-5521-531,M,1987-08-05,,06:05:16,True,shipping,Calle San Martín 4140,Mendoza,CABA,AR,9123,2024-08-02,06:05:16,True
66,Catalina,Muñoz,catalina.muñoz@example.com,+54 9 1791-5521-531,M,1987-08-05,,06:05:16,True,billing,Av. Corrientes 2319,Salta,Santa Fe,AR,5991,2024-08-02,06:05:16,True
67,Sofía,Sosa,sofia.sosa@example.com,+54 9 1814-6484-540,X,1991-10-13,228,11:59:53,False,shipping,Reconquista 9983,Rosario,Córdoba,AR,4290,2025-08-16,11:59:53,True
67,Sofía,Sosa,sofia.sosa@example.com,+54 9 1814-6484-540,X,1991-10-13,228,11:59:53,False,billing,Reconquista 4875,San Miguel de Tucumán,Córdoba,AR,9044,2025-08-16,11:59:53,True
68,Mía,Gómez,mia.gomez@example.com,+54 9 1506-2865-677,F,1990-07-09,235,14:18:22,True,shipping,Mitre 9112,Mar del Plata,Chubut,AR,1440,2025-08-23,14:18:22,True
69,Victoria,Pérez,victoria.perez.1@example.com,+54 9 1686-9180-242,X,1998-05-27,171,02:31:04,True,shipping,Av. Belgrano 7032,Paraná,Mendoza,AR,7176,2025-06-20,02:31:04,True
69,Victoria,Pérez,victoria.perez.1@example.com,+54 9 1686-9180-242,X,1998-05-27,171,02:31:04,True,billing,Sarmiento 6666,Salta,Entre Ríos,AR,9755,2025-06-20,02:31:04,True
70,Emma,Torres,emma.torres@example.com,+54 9 2443-2392-211,F,2004-01-26,1,19:32:53,True,shipping,Mitre 825,Mar del Plata,Tucumán,AR,7547,2025-01-01,19:32:53,True
71,Camila,Torres,camila.torres@example.com,+54 9 2102-9499-671,X,1976-01-04,,08:04:58,True,shipping,Reconquista 6508,Salta,Santa Fe,AR,8586,2024-11-10,08:04:58,True
72,Mía,Flores,mia.flores@example.com,+54 9 1221-7815-187,F,1979-06-01,64,03:48:23,False,shipping,Calle San Martín 5720,Mendoza,Córdoba,AR,8460,2025-03-05,03:48:23,True
73,Emma,Ramírez,emma.ramirez@example.com,+54 9 1317-2100-407,F,1992-08-04,41,16:28:23,False,shipping,Reconquista 1891,Buenos Aires,CABA,AR,3692,2025-02-10,16:28:23,True
74,Benjamín,Flores,benjamin.flores@example.com,+54 9 1757-8570-337,M,1981-09-06,,20:23:00,True,shipping,Mitre 7180,Paraná,Córdoba,AR,7481,2024-12-17,20:23:00,True
74,Benjamín,Flores,benjamin.flores@example.com,+54 9 1757-8570-337,M,1981-09-06,,20:23:00,True,billing,Urquiza 9802,Córdoba,Entre Ríos,AR,8037,2024-12-17,20:23:00,True
75,Julieta,García,julieta.garcia@example.com,+54 9 2375-2667-918,X,1983-04-09,202,02:16:40,True,shipping,Urquiza 1967,Córdoba,Tucumán,AR,5298,2025-07-21,02:16:40,True
76,Lucas,Flores,lucas.flores@example.com,+54 9 2415-2871-456,M,1990-10-13,129,14:17:31,False,shipping,Mitre 4973,Mar del Plata,Entre Ríos,AR,2388,2025-05-09,14:17:31,True
77,Camila,Fernández,camila.fernandez@example.com,+54 9 2851-3316-623,M,1985-05-04,,13:35:29,True,shipping,Lavalle 7031,Comodoro Rivadavia,Córdoba,AR,4043,2024-10-02,13:35:29,True
77,Camila,Fernández,camila.fernandez@example.com,+54 9 2851-3316-623,M,1985-05-04,,13:35:29,True,billing,Mitre 2938,CABA,Chubut,AR,3733,2024-10-02,13:35:29,True
78,Lucas,Muñoz,lucas.muñoz@example.com,+54 9 0230-6882-109,M,1978-03-11,47,22:33:07,True,shipping,Guemes 8209,Neuquén,Salta,AR,7703,2025-02-16,22:33:07,True
79,Francisco,Ruiz,francisco.ruiz@example.com,+54 9 0914-5785-133,M,2001-03-03,106,01:07:24,True,shipping,Dorrego 7592,Mar del Plata,Mendoza,AR,9115,2025-04-16,01:07:24,True
79,Francisco,Ruiz,francisco.ruiz@example.com,+54 9 0914-5785-133,M,2001-03-03,106,01:07:24,True,billing,Av. Corrientes 4489,Comodoro Rivadavia,CABA,AR,9898,2025-04-16,01:07:24,True
80,Lorenzo,Acosta,lorenzo.acosta.1@example.com,+54 9 1752-2677-853,X,1972-12-15,96,07:57:24,False,shipping,Urquiza 4405,Buenos Aires,Mendoza,AR,6711,2025-04-06,07:57:24,True
81,Valentina,Ruiz,valentina.ruiz.1@example.com,+54 9 2833-6744-981,X,1977-04-07,232,21:24:20,True,shipping,Sarmiento 2381,Mar del Plata,Salta,AR,4385,2025-08-20,21:24:20,True
82,Mateo,Benítez,mateo.benitez@example.com,+54 9 0700-6302-820,M,1992-09-09,122,19:36:57,True,shipping,Mitre 1660,Neuquén,Mendoza,AR,3221,2025-05-02,19:36:57,True
83,Francisco,Rodríguez,francisco.rodriguez.1@example.com,+54 9 1033-3396-828,M,1987-11-05,176,04:49:52,False,shipping,Av. Belgrano 9560,Salta,Salta,AR,5402,2025-06-25,04:49:52,True
84,Julieta,Ruiz,julieta.ruiz@example.com,+54 9 1661-9447-867,M,1974-11-26,210,03:23:22,True,shipping,Urquiza 5462,Salta,Tucumán,AR,1040,2025-07-29,03:23:22,True
85,Valentina,Ruiz,valentina.ruiz.2@example.com,+54 9 0903-8039-944,F,1992-02-26,90,14:28:49,True,shipping,Reconquista 9067,Rosario,Tucumán,AR,3139,2025-03-31,14:28:49,True
85,Valentina,Ruiz,valentina.ruiz.2@example.com,+54 9 0903-8039-944,F,1992-02-26,90,14:28:49,True,billing,Mitre 893,Mendoza,Neuquén,AR,1752,2025-03-31,14:28:49,True
86,Santiago,Ruiz,santiago.ruiz@example.com,+54 9 1880-1011-538,F,1971-02-28,,16:04:00,False,shipping,Calle San Martín 2704,Paraná,Córdoba,AR,5489,2024-09-19,16:04:00,True
86,Santiago,Ruiz,santiago.ruiz@example.com,+54 9 1880-1011-538,F,1971-02-28,,16:04:00,False,billing,Av. Corrientes 6192,Rosario,Tucumán,AR,3711,2024-09-19,16:04:00,True
87,Mateo,Sosa,mateo.sosa@example.com,+54 9 1769-2494-820,F,1989-12-23,203,08:31:29,True,shipping,Av. Belgrano 9826,La Plata,Neuquén,AR,4705,2025-07-22,08:31:29,True
87,Mateo,Sosa,mateo.sosa@example.com,+54 9 1769-2494-820,F,1989-12-23,203,08:31:29,True,billing,Av. Santa Fe 5729,Buenos Aires,Neuquén,AR,2975,2025-07-22,08:31:29,True
88,Francisco,López,francisco.lopez@example.com,+54 9 0430-2690-420,M,2000-02-08,13,03:15:08,False,shipping,Dorrego 2281,San Miguel de Tucumán,Córdoba,AR,3340,2025-01-13,03:15:08,True
88,Francisco,López,francisco.lopez@example.com,+54 9 0430-2690-420,M,2000-02-08,13,03:15:08,False,billing,Sarmiento 2788,Buenos Aires,Entre Ríos,AR,8210,2025-01-13,03:15:08,True
89,Lorenzo,Pérez,lorenzo.perez@example.com,+54 9 0900-2420-202,F,1979-07-20,168,16:06:24,False,shipping,Lavalle 5859,CABA,Entre Ríos,AR,8035,2025-06-17,16:06:24,True
89,Lorenzo,Pérez,lorenzo.perez@example.com,+54 9 0900-2420-202,F,1979-07-20,168,16:06:24,False,billing,Calle San Martín 1480,Córdoba,Córdoba,AR,5065,2025-06-17,16:06:24,True
90,Dante,Herrera,dante.herrera@example.com,+54 9 0852-9482-721,X,1988-12-01,154,10:58:57,True,shipping,Mitre 994,Rosario,Salta,AR,4921,2025-06-03,10:58:57,True
90,Dante,Herrera,dante.herrera@example.com,+54 9 0852-9482-721,X,1988-12-01,154,10:58:57,True,billing,Urquiza 9830,Córdoba,CABA,AR,2163,2025-06-03,10:58:57,True
91,Emma,García,emma.garcia@example.com,+54 9 1734-6986-659,X,1993-06-05,15,20:41:38,True,shipping,Av. Santa Fe 9723,La Plata,Neuquén,AR,2106,2025-01-15,20:41:38,True
91,Emma,García,emma.garcia@example.com,+54 9 1734-6986-659,X,1993-06-05,15,20:41:38,True,billing,Av. Santa Fe 6620,Buenos Aires,Santa Fe,AR,9300,2025-01-15,20:41:38,True
92,Joaquín,Flores,joaquin.flores@example.com,+54 9 2634-9791-650,X,1996-07-23,22,03:00:03,True,shipping,Av. Corrientes 8477,Rosario,CABA,AR,4329,2025-01-22,03:00:03,True
93,Martina,Acosta,martina.acosta@example.com,+54 9 2800-2083-417,X,1990-07-19,141,23:39:35,True,shipping,Av. Rivadavia 1512,Buenos Aires,Santa Fe,AR,8118,2025-05-21,23:39:35,True
93,Martina,Acosta,martina.acosta@example.com,+54 9 2800-2083-417,X,1990-07-19,141,23:39:35,True,billing,Av. Santa Fe 5167,Comodoro Rivadavia,Entre Ríos,AR,3877,2025-05-21,23:39:35,True
94,Santiago,García,santiago.garcia@example.com,+54 9 1431-9568-629,X,1978-12-01,,18:04:25,True,shipping,Alsina 4503,Mar del Plata,Tucumán,AR,2934,2024-09-22,18:04:25,True
95,Sofía,Álvarez,sofia.alvarez@example.com,+54 9 2928-2262-608,M,1997-05-17,,09:34:25,True,shipping,Sarmiento 2834,Salta,Buenos Aires,AR,7024,2024-08-02,09:34:25,True
95,Sofía,Álvarez,sofia.alvarez@example.com,+54 9 2928-2262-608,M,1997-05-17,,09:34:25,True,billing,Mitre 1989,Comodoro Rivadavia,CABA,AR,4742,2024-08-02,09:34:25,True
96,Emma,García,emma.garcia.1@example.com,+54 9 1501-7274-253,F,1972-01-08,,17:10:35,False,shipping,Dorrego 6970,Neuquén,Buenos Aires,AR,4678,2024-07-24,17:10:35,True
96,Emma,García,emma.garcia.1@example.com,+54 9 1501-7274-253,F,1972-01-08,,17:10:35,False,billing,Reconquista 4544,CABA,Salta,AR,2276,2024-07-24,17:10:35,True
97,Mía,Romero,mia.romero.1@example.com,+54 9 0925-9450-147,M,1977-09-22,,06:31:47,True,shipping,Dorrego 5190,Rosario,Neuquén,AR,6362,2024-07-27,06:31:47,True
97,Mía,Romero,mia.romero.1@example.com,+54 9 0925-9450-147,M,1977-09-22,,06:31:47,True,billing,Reconquista 3387,Buenos Aires,Neuquén,AR,5777,2024-07-27,06:31:47,True
98,Mía,Muñoz,mia.muñoz@example.com,+54 9 0811-9954-878,F,1985-08-12,119,17:57:45,True,shipping,Av. Rivadavia 8972,Buenos Aires,Salta,AR,6675,2025-04-29,17:57:45,True
99,Sofía,Álvarez,sofia.alvarez.1@example.com,+54 9 0436-4361-642,F,1970-11-13,194,11:11:46,True,shipping,Alsina 4684,Mar del Plata,Buenos Aires,AR,2524,2025-07-13,11:11:46,True
99,Sofía,Álvarez,sofia.alvarez.1@example.com,+54 9 0436-4361-642,F,1970-11-13,194,11:11:46,True,billing,Lavalle 6202,Neuquén,Santa Fe,AR,8511,2025-07-13,11:11:46,True
100,Valentina,Benítez,valentina.benitez@example.com,+54 9 0317-2020-545,X,1976-09-05,143,14:21:28,False,shipping,Calle San Martín 5261,Rosario,Santa Fe,AR,7438,2025-05-23,14:21:28,True
101,Camila,Álvarez,camila.alvarez@example.com,+54 9 0568-2785-259,F,1998-05-08,,07:22:49,True,shipping,Lavalle 2078,Mendoza,Neuquén,AR,9780,2024-08-08,07:22:49,True
101,Camila,Álvarez,camila.alvarez@example.com,+54 9 0568-2785-259,F,1998-05-08,,07:22:49,True,billing,Calle San Martín 7691,Salta,Santa Fe,AR,5341,2024-08-08,07:22:49,True
102,Santiago,González,santiago.gonzalez.1@example.com,+54 9 0176-4522-955,M,1980-11-10,240,21:57:56,True,shipping,Lavalle 8512,Mendoza,Santa Fe,AR,1802,2025-08-28,21:57:56,True
103,Catalina,Martínez,catalina.martinez@example.com,+54 9 2264-5093-196,M,1971-07-28,48,20:14:29,True,shipping,Av. Santa Fe 1110,La Plata,Córdoba,AR,4641,2025-02-17,20:14:29,True
103,Catalina,Martínez,catalina.martinez@example.com,+54 9 2264-5093-196,M,1971-07-28,48,20:14:29,True,billing,Mitre 1476,Mendoza,Salta,AR,5240,2025-02-17,20:14:29,True
104,Valentina,García,valentina.garcia@example.com,+54 9 0387-6432-225,F,1974-04-21,44,04:41:20,False,shipping,Sarmiento 7196,Mar del Plata,Buenos Aires,AR,7471,2025-02-13,04:41:20,True
104,Valentina,García,valentina.garcia@example.com,+54 9 0387-6432-225,F,1974-04-21,44,04:41:20,False,billing,Lavalle 2931,Paraná,Salta,AR,6799,2025-02-13,04:41:20,True
105,Isabella,Martínez,isabella.martinez@example.com,+54 9 2526-5026-762,M,1987-05-15,,01:15:41,True,shipping,Av. Santa Fe 1537,Salta,Chubut,AR,5583,2024-09-15,01:15:41,True
105,Isabella,Martínez,isabella.martinez@example.com,+54 9 2526-5026-762,M,1987-05-15,,01:15:41,True,billing,Mitre 8714,Córdoba,Salta,AR,5082,2024-09-15,01:15:41,True
106,Dante,García,dante.garcia@example.com,+54 9 1996-6636-679,X,1994-12-12,62,19:49:31,True,shipping,Av. Santa Fe 5324,Mar del Plata,Mendoza,AR,4588,2025-03-03,19:49:31,True
106,Dante,García,dante.garcia@example.com,+54 9 1996-6636-679,X,1994-12-12,62,19:49:31,True,billing,Dorrego 7828,Buenos Aires,Mendoza,AR,9674,2025-03-03,19:49:31,True
107,Lorenzo,Benítez,lorenzo.benitez@example.com,+54 9 0998-5366-646,X,1984-03-04,,23:54:56,True,shipping,Dorrego 6463,Comodoro Rivadavia,Santa Fe,AR,6813,2024-11-04,23:54:56,True
108,Thiago,Martínez,thiago.martinez@example.com,+54 9 2434-1462-820,X,1985-10-11,229,13:03:46,True,shipping,Av. Belgrano 9325,Comodoro Rivadavia,Entre Ríos,AR,4084,2025-08-17,13:03:46,True
109,Lucas,Acosta,lucas.acosta@example.com,+54 9 0241-4811-716,F,1989-03-16,,03:17:10,True,shipping,Reconquista 3400,Buenos Aires,Neuquén,AR,3137,2024-07-20,03:17:10,True
109,Lucas,Acosta,lucas.acosta@example.com,+54 9 0241-4811-716,F,1989-03-16,,03:17:10,True,billing,Av. Santa Fe 459,Mendoza,Córdoba,AR,3420,2024-07-20,03:17:10,True
110,Mía,López,mia.lopez@example.com,+54 9 1541-7481-700,F,1977-09-28,3,02:38:26,True,shipping,Av. Belgrano 7257,Mar del Plata,Tucumán,AR,8982,2025-01-03,02:38:26,True
111,Thiago,Acosta,thiago.acosta@example.com,+54 9 1560-6026-851,X,1992-04-22,118,06:23:03,True,shipping,Av. Santa Fe 9485,CABA,Córdoba,AR,7415,2025-04-28,06:23:03,True
112,Mía,Rodríguez,mia.rodriguez@example.com,+54 9 0915-2705-608,F,1981-10-11,231,22:15:34,True,shipping,Reconquista 5334,Córdoba,CABA,AR,3750,2025-08-19,22:15:34,True
113,Valentina,Álvarez,valentina.alvarez@example.com,+54 9 2850-2110-458,M,1998-01-09,,09:05:07,False,shipping,Lavalle 7279,Buenos Aires,Buenos Aires,AR,7875,2024-10-16,09:05:07,True
114,Francisco,Ramírez,francisco.ramirez@example.com,+54 9 1974-4695-266,M,1994-06-18,9,03:41:34,True,shipping,Av. Santa Fe 5321,Rosario,Buenos Aires,AR,5278,2025-01-09,03:41:34,True
115,Valentina,Álvarez,valentina.alvarez.1@example.com,+54 9 2251-2525-446,X,1980-07-06,191,02:43:50,False,shipping,Av. Santa Fe 7166,CABA,Neuquén,AR,3703,2025-07-10,02:43:50,True
116,Francisco,Martínez,francisco.martinez.1@example.com,+54 9 1687-9849-371,X,1973-02-11,,06:55:01,True,shipping,Av. Santa Fe 6537,La Plata,Santa Fe,AR,9043,2024-10-14,06:55:01,True
116,Francisco,Martínez,francisco.martinez.1@example.com,+54 9 1687-9849-371,X,1973-02-11,,06:55:01,True,billing,Lavalle 1535,Buenos Aires,Tucumán,AR,5825,2024-10-14,06:55:01,True
117,Tomás,Ramírez,tomas.ramirez.1@example.com,+54 9 2625-5781-183,M,1982-02-01,,06:13:11,False,shipping,Urquiza 8113,San Miguel de Tucumán,Mendoza,AR,5341,2024-10-14,06:13:11,True
117,Tomás,Ramírez,tomas.ramirez.1@example.com,+54 9 2625-5781-183,M,1982-02-01,,06:13:11,False,billing,Av. Belgrano 6178,San Miguel de Tucumán,Chubut,AR,7249,2024-10-14,06:13:11,True
118,Lorenzo,Martínez,lorenzo.martinez@example.com,+54 9 1089-4706-957,M,1998-01-09,42,16:55:56,True,shipping,Mitre 1684,CABA,Córdoba,AR,2404,2025-02-11,16:55:56,True
119,Dante,Torres,dante.torres@example.com,+54 9 1725-9773-803,M,1984-09-02,15,19:01:35,True,shipping,Calle San Martín 1393,Salta,Santa Fe,AR,7468,2025-01-15,19:01:35,True
120,Mateo,Flores,mateo.flores.1@example.com,+54 9 0614-2970-875,M,2006-09-26,109,22:35:00,True,shipping,Dorrego 3257,Córdoba,Córdoba,AR,3067,2025-04-19,22:35:00,True
120,Mateo,Flores,mateo.flores.1@example.com,+54 9 0614-2970-875,M,2006-09-26,109,22:35:00,True,billing,Lavalle 3408,Paraná,CABA,AR,3422,2025-04-19,22:35:00,True
121,Tomás,Díaz,tomas.diaz@example.com,+54 9 1600-7510-665,M,1990-12-26,,03:10:06,False,shipping,Av. Santa Fe 9726,Salta,Chubut,AR,9561,2024-08-04,03:10:06,True
122,Santiago,Torres,santiago.torres@example.com,+54 9 0421-2730-676,F,1979-03-19,118,21:12:52,False,shipping,Lavalle 4427,Mendoza,Chubut,AR,7275,2025-04-28,21:12:52,True
123,Mía,Herrera,mia.herrera.1@example.com,+54 9 0600-7581-139,M,2000-01-06,,14:40:18,False,shipping,Av. Rivadavia 907,CABA,Tucumán,AR,8785,2024-11-19,14:40:18,True
124,Lorenzo,García,lorenzo.garcia.1@example.com,+54 9 2862-2609-989,F,1991-05-10,,17:53:57,True,shipping,Calle San Martín 6928,Mendoza,Neuquén,AR,2462,2024-11-21,17:53:57,True
124,Lorenzo,García,lorenzo.garcia.1@example.com,+54 9 2862-2609-989,F,1991-05-10,,17:53:57,True,billing,Alsina 8037,San Miguel de Tucumán,Santa Fe,AR,9462,2024-11-21,17:53:57,True
125,Lorenzo,Rodríguez,lorenzo.rodriguez.1@example.com,+54 9 1663-3222-899,X,2002-03-03,,18:27:06,False,shipping,Av. Rivadavia 3388,Mar del Plata,Buenos Aires,AR,1944,2024-12-07,18:27:06,True
125,Lorenzo,Rodríguez,lorenzo.rodriguez.1@example.com,+54 9 1663-3222-899,X,2002-03-03,,18:27:06,False,billing,Reconquista 3362,Buenos Aires,Neuquén,AR,5488,2024-12-07,18:27:06,True
126,Lorenzo,Ruiz,lorenzo.ruiz@example.com,+54 9 1001-7102-600,X,2002-07-21,,01:06:45,True,shipping,Guemes 5830,Comodoro Rivadavia,Neuquén,AR,6640,2024-09-02,01:06:45,True
126,Lorenzo,Ruiz,lorenzo.ruiz@example.com,+54 9 1001-7102-600,X,2002-07-21,,01:06:45,True,billing,Alsina 1580,CABA,Mendoza,AR,5670,2024-09-02,01:06:45,True
127,Sofía,Sosa,sofia.sosa.1@example.com,+54 9 0917-4688-793,F,1973-03-28,109,07:48:11,True,shipping,Av. Santa Fe 245,Neuquén,Salta,AR,8767,2025-04-19,07:48:11,True
128,Thiago,Herrera,thiago.herrera@example.com,+54 9 2930-5511-533,M,1970-04-09,128,11:07:17,False,shipping,Av. Rivadavia 7746,Rosario,Neuquén,AR,5950,2025-05-08,11:07:17,True
129,Tomás,Sosa,tomas.sosa@example.com,+54 9 2310-5631-405,X,1976-01-17,156,13:37:31,True,shipping,Calle San Martín 5427,Mendoza,CABA,AR,5536,2025-06-05,13:37:31,True
129,Tomás,Sosa,tomas.sosa@example.com,+54 9 2310-5631-405,X,1976-01-17,156,13:37:31,True,billing,Av. Belgrano 8575,Córdoba,Mendoza,AR,4937,2025-06-05,13:37:31,True
130,Mateo,Herrera,mateo.herrera@example.com,+54 9 2965-1417-771,M,1995-11-11,165,05:05:40,False,shipping,Lavalle 6461,San Miguel de Tucumán,Mendoza,AR,1578,2025-06-14,05:05:40,True
130,Mateo,Herrera,mateo.herrera@example.com,+54 9 2965-1417-771,M,1995-11-11,165,05:05:40,False,billing,Reconquista 3743,Córdoba,Entre Ríos,AR,9759,2025-06-14,05:05:40,True
131,Lucas,Romero,lucas.romero@example.com,+54 9 2297-3967-400,F,2002-05-28,,23:56:34,True,shipping,Dorrego 9259,CABA,Mendoza,AR,3999,2024-09-26,23:56:34,True
132,Camila,González,camila.gonzalez.1@example.com,+54 9 1733-6428-480,M,1984-06-08,198,11:10:50,True,shipping,Urquiza 979,La Plata,Neuquén,AR,2166,2025-07-17,11:10:50,True
132,Camila,González,camila.gonzalez.1@example.com,+54 9 1733-6428-480,M,1984-06-08,198,11:10:50,True,billing,Av. Corrientes 6353,Neuquén,Santa Fe,AR,9680,2025-07-17,11:10:50,True
133,Joaquín,Torres,joaquin.torres@example.com,+54 9 1687-8496-246,M,1973-03-05,,12:28:34,False,shipping,Urquiza 5549,La Plata,Córdoba,AR,3897,2024-10-11,12:28:34,True
133,Joaquín,Torres,joaquin.torres@example.com,+54 9 1687-8496-246,M,1973-03-05,,12:28:34,False,billing,Urquiza 4581,Buenos Aires,Buenos Aires,AR,4430,2024-10-11,12:28:34,True
134,Thiago,Benítez,thiago.benitez@example.com,+54 9 0541-8105-748,M,1980-08-26,207,03:12:19,True,shipping,Av. Santa Fe 718,San Miguel de Tucumán,Neuquén,AR,9745,2025-07-26,03:12:19,True
134,Thiago,Benítez,thiago.benitez@example.com,+54 9 0541-8105-748,M,1980-08-26,207,03:12:19,True,billing,Reconquista 8800,Buenos Aires,Tucumán,AR,4122,2025-07-26,03:12:19,True
135,Sofía,García,sofia.garcia@example.com,+54 9 0539-2682-492,X,1985-04-23,,11:21:46,True,shipping,Av. Santa Fe 4985,La Plata,Córdoba,AR,5764,2024-12-24,11:21:46,True
135,Sofía,García,sofia.garcia@example.com,+54 9 0539-2682-492,X,1985-04-23,,11:21:46,True,billing,Guemes 5635,Comodoro Rivadavia,Chubut,AR,8105,2024-12-24,11:21:46,True
136,Martina,Álvarez,martina.alvarez@example.com,+54 9 1663-1313-333,F,2001-06-25,,06:00:11,False,shipping,Alsina 459,Córdoba,Córdoba,AR,9267,2024-10-05,06:00:11,True
136,Martina,Álvarez,martina.alvarez@example.com,+54 9 1663-1313-333,F,2001-06-25,,06:00:11,False,billing,Mitre 712,CABA,Tucumán,AR,7147,2024-10-05,06:00:11,True
137,Catalina,Acosta,catalina.acosta@example.com,+54 9 2688-1323-149,X,1973-10-02,155,03:56:10,True,shipping,Av. Corrientes 9066,San Miguel de Tucumán,Neuquén,AR,5140,2025-06-04,03:56:10,True
137,Catalina,Acosta,catalina.acosta@example.com,+54 9 2688-1323-149,X,1973-10-02,155,03:56:10,True,billing,Alsina 252,Córdoba,Córdoba,AR,5933,2025-06-04,03:56:10,True
138,Francisco,Fernández,francisco.fernandez.2@example.com,+54 9 1726-2718-623,X,2003-05-20,127,04:59:38,True,shipping,Dorrego 1841,La Plata,Mendoza,AR,9154,2025-05-07,04:59:38,True
138,Francisco,Fernández,francisco.fernandez.2@example.com,+54 9 1726-2718-623,X,2003-05-20,127,04:59:38,True,billing,Guemes 3404,Rosario,Santa Fe,AR,6864,2025-05-07,04:59:38,True
139,Francisco,Muñoz,francisco.muñoz@example.com,+54 9 2829-8875-438,F,1980-01-18,71,07:33:42,True,shipping,Sarmiento 8195,La Plata,CABA,AR,3443,2025-03-12,07:33:42,True
140,Emma,González,emma.gonzalez@example.com,+54 9 1223-5327-575,F,1976-05-21,,16:37:47,True,shipping,Calle San Martín 6001,Buenos Aires,Córdoba,AR,6123,2024-10-27,16:37:47,True
140,Emma,González,emma.gonzalez@example.com,+54 9 1223-5327-575,F,1976-05-21,,16:37:47,True,billing,Dorrego 851,La Plata,CABA,AR,1158,2024-10-27,16:37:47,True
141,Martina,Martínez,martina.martinez@example.com,+54 9 0391-7105-934,M,1991-06-15,135,09:46:07,True,shipping,Urquiza 4553,San Miguel de Tucumán,Salta,AR,7319,2025-05-15,09:46:07,True
142,Lucas,Torres,lucas.torres@example.com,+54 9 0663-2699-526,X,1980-02-05,173,02:08:06,True,shipping,Urquiza 3069,Paraná,Entre Ríos,AR,7221,2025-06-22,02:08:06,True
143,Tomás,García,tomas.garcia@example.com,+54 9 1816-1753-164,M,1978-08-16,,14:58:27,True,shipping,Mitre 8698,CABA,Buenos Aires,AR,4669,2024-08-27,14:58:27,True
144,Camila,Flores,camila.flores@example.com,+54 9 1783-5072-593,M,2003-12-23,133,03:28:03,True,shipping,Guemes 994,Mar del Plata,Salta,AR,1190,2025-05-13,03:28:03,True
145,Thiago,Flores,thiago.flores@example.com,+54 9 2024-6253-346,M,2000-08-28,,02:43:32,False,shipping,Av. Rivadavia 9119,Neuquén,Buenos Aires,AR,7203,2024-09-23,02:43:32,True
145,Thiago,Flores,thiago.flores@example.com,+54 9 2024-6253-346,M,2000-08-28,,02:43:32,False,billing,Urquiza 7377,La Plata,Santa Fe,AR,8341,2024-09-23,02:43:32,True
146,Valentina,Ramírez,valentina.ramirez@example.com,+54 9 0083-2681-513,M,1998-06-04,71,23:47:18,True,shipping,Av. Corrientes 9999,Buenos Aires,Chubut,AR,5990,2025-03-12,23:47:18,True
147,Dante,Pérez,dante.perez@example.com,+54 9 0924-8445-439,X,1999-06-12,239,01:58:33,False,shipping,Alsina 6052,Salta,Entre Ríos,AR,8414,2025-08-27,01:58:33,True
147,Dante,Pérez,dante.perez@example.com,+54 9 0924-8445-439,X,1999-06-12,239,01:58:33,False,billing,Reconquista 5918,Buenos Aires,Santa Fe,AR,5783,2025-08-27,01:58:33,True
148,Dante,Flores,dante.flores@example.com,+54 9 2027-3301-941,X,1993-12-04,,05:58:36,False,shipping,Calle San Martín 3309,La Plata,Salta,AR,4072,2024-07-24,05:58:36,True
148,Dante,Flores,dante.flores@example.com,+54 9 2027-3301-941,X,1993-12-04,,05:58:36,False,billing,Urquiza 3222,Córdoba,Salta,AR,6536,2024-07-24,05:58:36,True
149,Santiago,Torres,santiago.torres.1@example.com,+54 9 0515-8381-568,X,1972-11-27,161,21:26:16,True,shipping,Urquiza 171,Mar del Plata,Chubut,AR,9689,2025-06-10,21:26:16,True
150,Dante,Torres,dante.torres.1@example.com,+54 9 0722-3103-206,M,2000-09-25,,21:03:52,True,shipping,Guemes 6402,Mendoza,Entre Ríos,AR,7859,2024-09-29,21:03:52,True
151,Benjamín,Díaz,benjamin.diaz@example.com,+54 9 0576-7762-716,X,1995-06-10,48,04:51:21,False,shipping,Alsina 9075,Rosario,Chubut,AR,6143,2025-02-17,04:51:21,True
152,Dante,Pérez,dante.perez.1@example.com,+54 9 2823-6657-788,F,1982-04-20,182,10:34:46,False,shipping,Guemes 5381,Neuquén,Córdoba,AR,2890,2025-07-01,10:34:46,True
153,Dante,Ramírez,dante.ramirez@example.com,+54 9 1182-7920-927,F,2006-11-23,30,19:26:19,True,shipping,Av. Belgrano 969,San Miguel de Tucumán,Buenos Aires,AR,1927,2025-01-30,19:26:19,True
153,Dante,Ramírez,dante.ramirez@example.com,+54 9 1182-7920-927,F,2006-11-23,30,19:26:19,True,billing,Mitre 4205,Rosario,Córdoba,AR,3399,2025-01-30,19:26:19,True
154,Mateo,Muñoz,mateo.muñoz@example.com,+54 9 0430-4675-860,X,1983-09-02,,16:28:42,True,shipping,Dorrego 4812,Neuquén,Santa Fe,AR,1769,2024-12-31,16:28:42,True
155,Julieta,Torres,julieta.torres.1@example.com,+54 9 0842-8259-949,F,1990-09-02,,09:09:03,False,shipping,Guemes 9985,Comodoro Rivadavia,Tucumán,AR,4218,2024-07-07,09:09:03,True
156,Isabella,Muñoz,isabella.muñoz@example.com,+54 9 0722-9418-222,M,1998-03-22,,06:48:27,True,shipping,Calle San Martín 2231,Neuquén,Mendoza,AR,3636,2024-08-08,06:48:27,True
156,Isabella,Muñoz,isabella.muñoz@example.com,+54 9 0722-9418-222,M,1998-03-22,,06:48:27,True,billing,Reconquista 7740,Buenos Aires,Mendoza,AR,3536,2024-08-08,06:48:27,True
157,Mateo,López,mateo.lopez@example.com,+54 9 2532-5934-602,X,1990-10-02,213,22:46:08,True,shipping,Reconquista 8708,CABA,CABA,AR,4603,2025-08-01,22:46:08,True
158,Emma,González,emma.gonzalez.1@example.com,+54 9 1663-2506-457,F,2002-03-14,95,19:33:10,False,shipping,Reconquista 4909,Mendoza,Tucumán,AR,4579,2025-04-05,19:33:10,True
159,Tomás,Flores,tomas.flores@example.com,+54 9 0047-2879-784,M,2000-09-27,202,23:38:25,True,shipping,Av. Rivadavia 753,Comodoro Rivadavia,Entre Ríos,AR,6258,2025-07-21,23:38:25,True
159,Tomás,Flores,tomas.flores@example.com,+54 9 0047-2879-784,M,2000-09-27,202,23:38:25,True,billing,Calle San Martín 8951,San Miguel de Tucumán,CABA,AR,5633,2025-07-21,23:38:25,True
160,Sofía,Flores,sofia.flores@example.com,+54 9 2004-1718-403,X,1993-09-26,77,16:13:20,True,shipping,Av. Corrientes 2842,La Plata,Chubut,AR,9814,2025-03-18,16:13:20,True
160,Sofía,Flores,sofia.flores@example.com,+54 9 2004-1718-403,X,1993-09-26,77,16:13:20,True,billing,Mitre 3592,Córdoba,CABA,AR,7950,2025-03-18,16:13:20,True
161,Santiago,Pérez,santiago.perez@example.com,+54 9 2659-2181-864,X,2004-12-24,213,15:50:47,True,shipping,Reconquista 720,CABA,Neuquén,AR,2433,2025-08-01,15:50:47,True
161,Santiago,Pérez,santiago.perez@example.com,+54 9 2659-2181-864,X,2004-12-24,213,15:50:47,True,billing,Guemes 1254,Rosario,Córdoba,AR,4729,2025-08-01,15:50:47,True
162,Catalina,Torres,catalina.torres@example.com,+54 9 1306-1276-498,X,1994-08-21,24,15:45:57,True,shipping,Alsina 1136,Paraná,Buenos Aires,AR,1745,2025-01-24,15:45:57,True
163,Valentina,Romero,valentina.romero@example.com,+54 9 2495-2417-388,M,2002-02-10,219,10:58:18,True,shipping,Av. Belgrano 8840,Salta,Buenos Aires,AR,4602,2025-08-07,10:58:18,True
163,Valentina,Romero,valentina.romero@example.com,+54 9 2495-2417-388,M,2002-02-10,219,10:58:18,True,billing,Calle San Martín 2460,Neuquén,Salta,AR,5883,2025-08-07,10:58:18,True
164,Lorenzo,García,lorenzo.garcia.2@example.com,+54 9 0031-7456-650,X,2005-09-05,,01:31:15,False,shipping,Alsina 5733,Córdoba,Mendoza,AR,4469,2024-09-02,01:31:15,True
164,Lorenzo,García,lorenzo.garcia.2@example.com,+54 9 0031-7456-650,X,2005-09-05,,01:31:15,False,billing,Av. Belgrano 3114,Mar del Plata,Chubut,AR,4617,2024-09-02,01:31:15,True
165,Tomás,Díaz,tomas.diaz.1@example.com,+54 9 0233-9992-572,X,1982-02-06,160,20:39:16,True,shipping,Av. Corrientes 4207,Paraná,Mendoza,AR,2608,2025-06-09,20:39:16,True
165,Tomás,Díaz,tomas.diaz.1@example.com,+54 9 0233-9992-572,X,1982-02-06,160,20:39:16,True,billing,Reconquista 5951,Salta,Entre Ríos,AR,3100,2025-06-09,20:39:16,True
166,Benjamín,Fernández,benjamin.fernandez@example.com,+54 9 2001-8383-436,X,1988-10-03,,11:34:12,True,shipping,Sarmiento 9387,Mar del Plata,Entre Ríos,AR,6971,2024-10-08,11:34:12,True
167,Francisco,Martínez,francisco.martinez.2@example.com,+54 9 2928-8145-383,M,1970-06-08,219,08:03:55,True,shipping,Urquiza 7396,Salta,Tucumán,AR,6877,2025-08-07,08:03:55,True
168,Lucas,Acosta,lucas.acosta.1@example.com,+54 9 1160-3293-651,F,1976-03-21,127,02:59:04,True,shipping,Av. Corrientes 405,CABA,CABA,AR,9309,2025-05-07,02:59:04,True
169,Mía,Benítez,mia.benitez@example.com,+54 9 1078-9904-652,M,1995-10-07,,20:04:58,True,shipping,Lavalle 3758,Mendoza,Córdoba,AR,5767,2024-07-19,20:04:58,True
169,Mía,Benítez,mia.benitez@example.com,+54 9 1078-9904-652,M,1995-10-07,,20:04:58,True,billing,Av. Corrientes 6600,Neuquén,Chubut,AR,6961,2024-07-19,20:04:58,True
170,Emma,García,emma.garcia.2@example.com,+54 9 0585-8310-263,F,1985-10-22,,18:43:08,True,shipping,Av. Belgrano 8021,Paraná,Entre Ríos,AR,6878,2024-09-23,18:43:08,True
170,Emma,García,emma.garcia.2@example.com,+54 9 0585-8310-263,F,1985-10-22,,18:43:08,True,billing,Av. Corrientes 4431,Córdoba,Neuquén,AR,7052,2024-09-23,18:43:08,True
171,Benjamín,Rodríguez,benjamin.rodriguez.1@example.com,+54 9 1934-8448-147,F,1983-09-26,1,14:07:48,False,shipping,Alsina 8642,La Plata,Tucumán,AR,5480,2025-01-01,14:07:48,True
172,Catalina,Benítez,catalina.benitez@example.com,+54 9 1561-6985-701,X,2004-10-06,9,23:47:58,False,shipping,Calle San Martín 6265,Neuquén,CABA,AR,4651,2025-01-09,23:47:58,True
172,Catalina,Benítez,catalina.benitez@example.com,+54 9 1561-6985-701,X,2004-10-06,9,23:47:58,False,billing,Urquiza 7998,Mendoza,Tucumán,AR,1108,2025-01-09,23:47:58,True
173,Emma,López,emma.lopez@example.com,+54 9 2646-5600-316,F,1998-03-08,,18:44:01,True,shipping,Alsina 2038,Comodoro Rivadavia,Tucumán,AR,4773,2024-08-09,18:44:01,True
173,Emma,López,emma.lopez@example.com,+54 9 2646-5600-316,F,1998-03-08,,18:44:01,True,billing,Av. Corrientes 7989,CABA,Tucumán,AR,8844,2024-08-09,18:44:01,True
174,Lucas,Pérez,lucas.perez.1@example.com,+54 9 1009-1706-230,X,1980-11-27,27,00:49:02,True,shipping,Guemes 742,Paraná,Córdoba,AR,3406,2025-01-27,00:49:02,True
174,Lucas,Pérez,lucas.perez.1@example.com,+54 9 1009-1706-230,X,1980-11-27,27,00:49:02,True,billing,Guemes 6742,Mar del Plata,Mendoza,AR,1305,2025-01-27,00:49:02,True
175,Joaquín,González,joaquin.gonzalez.1@example.com,+54 9 0709-4594-950,M,1983-08-20,58,17:32:13,True,shipping,Sarmiento 8469,Mar del Plata,Entre Ríos,AR,5333,2025-02-27,17:32:13,True
175,Joaquín,González,joaquin.gonzalez.1@example.com,+54 9 0709-4594-950,M,1983-08-20,58,17:32:13,True,billing,Sarmiento 9776,Salta,Tucumán,AR,2127,2025-02-27,17:32:13,True
176,Benjamín,Sosa,benjamin.sosa@example.com,+54 9 2152-9263-800,M,1994-03-04,,07:22:02,False,shipping,Av. Belgrano 7896,La Plata,Entre Ríos,AR,1639,2024-07-09,07:22:02,True
177,Dante,Flores,dante.flores.1@example.com,+54 9 2482-9835-947,F,1977-02-16,154,04:44:42,False,shipping,Lavalle 6168,Neuquén,Salta,AR,1711,2025-06-03,04:44:42,True
178,Francisco,Gómez,francisco.gomez@example.com,+54 9 0411-7971-237,M,2000-07-12,118,20:58:33,True,shipping,Calle San Martín 9902,La Plata,Santa Fe,AR,9908,2025-04-28,20:58:33,True
178,Francisco,Gómez,francisco.gomez@example.com,+54 9 0411-7971-237,M,2000-07-12,118,20:58:33,True,billing,Alsina 216,Buenos Aires,Santa Fe,AR,9561,2025-04-28,20:58:33,True
179,Santiago,Flores,santiago.flores@example.com,+54 9 1685-6935-209,F,1970-07-21,,11:30:05,True,shipping,Calle San Martín 8883,Rosario,Entre Ríos,AR,7939,2024-10-14,11:30:05,True
179,Santiago,Flores,santiago.flores@example.com,+54 9 1685-6935-209,F,1970-07-21,,11:30:05,True,billing,Mitre 6611,Rosario,Entre Ríos,AR,4337,2024-10-14,11:30:05,True
180,Francisco,Acosta,francisco.acosta@example.com,+54 9 2283-8925-359,M,2005-08-06,6,20:21:21,True,shipping,Av. Belgrano 2051,CABA,Salta,AR,4764,2025-01-06,20:21:21,True
180,Francisco,Acosta,francisco.acosta@example.com,+54 9 2283-8925-359,M,2005-08-06,6,20:21:21,True,billing,Av. Rivadavia 8428,La Plata,Córdoba,AR,7562,2025-01-06,20:21:21,True
181,Camila,Acosta,camila.acosta@example.com,+54 9 0384-3381-582,X,1973-03-13,142,00:11:33,True,shipping,Av. Rivadavia 6175,Rosario,CABA,AR,2311,2025-05-22,00:11:33,True
182,Julieta,Sosa,julieta.sosa@example.com,+54 9 0728-9099-549,F,2003-05-23,122,02:05:31,True,shipping,Av. Rivadavia 650,Rosario,Chubut,AR,9364,2025-05-02,02:05:31,True
182,Julieta,Sosa,julieta.sosa@example.com,+54 9 0728-9099-549,F,2003-05-23,122,02:05:31,True,billing,Av. Belgrano 690,Comodoro Rivadavia,Santa Fe,AR,6893,2025-05-02,02:05:31,True
183,Benjamín,García,benjamin.garcia@example.com,+54 9 1457-7474-515,X,1980-02-09,216,14:32:34,True,shipping,Alsina 1224,CABA,Buenos Aires,AR,2477,2025-08-04,14:32:34,True
183,Benjamín,García,benjamin.garcia@example.com,+54 9 1457-7474-515,X,1980-02-09,216,14:32:34,True,billing,Reconquista 5793,Comodoro Rivadavia,Chubut,AR,5530,2025-08-04,14:32:34,True
184,Benjamín,Herrera,benjamin.herrera@example.com,+54 9 1080-3867-516,X,1982-08-13,111,00:10:09,True,shipping,Calle San Martín 5670,Neuquén,CABA,AR,2917,2025-04-21,00:10:09,True
185,Catalina,Acosta,catalina.acosta.1@example.com,+54 9 2317-8923-888,F,2006-05-23,43,13:43:44,False,shipping,Urquiza 9714,Paraná,Neuquén,AR,1448,2025-02-12,13:43:44,True
185,Catalina,Acosta,catalina.acosta.1@example.com,+54 9 2317-8923-888,F,2006-05-23,43,13:43:44,False,billing,Lavalle 3710,La Plata,Mendoza,AR,4767,2025-02-12,13:43:44,True
186,Camila,Torres,camila.torres.1@example.com,+54 9 1027-5706-195,M,1992-09-18,,09:35:17,True,shipping,Guemes 3024,La Plata,Tucumán,AR,8807,2024-07-05,09:35:17,True
186,Camila,Torres,camila.torres.1@example.com,+54 9 1027-5706-195,M,1992-09-18,,09:35:17,True,billing,Calle San Martín 3094,Comodoro Rivadavia,Santa Fe,AR,4115,2024-07-05,09:35:17,True
187,Lucas,Pérez,lucas.perez.2@example.com,+54 9 0949-4322-954,F,1985-12-08,,07:31:42,False,shipping,Dorrego 1847,Mar del Plata,Tucumán,AR,2964,2024-11-13,07:31:42,True
188,Lucas,Herrera,lucas.herrera@example.com,+54 9 2553-6167-604,X,1970-09-02,63,13:30:53,False,shipping,Dorrego 8474,Mar del Plata,Neuquén,AR,5591,2025-03-04,13:30:53,True
188,Lucas,Herrera,lucas.herrera@example.com,+54 9 2553-6167-604,X,1970-09-02,63,13:30:53,False,billing,Av. Santa Fe 8713,Mar del Plata,Entre Ríos,AR,7933,2025-03-04,13:30:53,True
189,Lucas,Acosta,lucas.acosta.2@example.com,+54 9 1883-2972-815,X,1972-09-12,18,06:21:51,True,shipping,Mitre 3552,Buenos Aires,Buenos Aires,AR,7216,2025-01-18,06:21:51,True
189,Lucas,Acosta,lucas.acosta.2@example.com,+54 9 1883-2972-815,X,1972-09-12,18,06:21:51,True,billing,Sarmiento 4354,Mendoza,Tucumán,AR,4066,2025-01-18,06:21:51,True
190,Dante,Díaz,dante.diaz@example.com,+54 9 1509-4013-610,M,1985-05-16,130,12:29:30,True,shipping,Lavalle 4681,Mendoza,Tucumán,AR,8384,2025-05-10,12:29:30,True
190,Dante,Díaz,dante.diaz@example.com,+54 9 1509-4013-610,M,1985-05-16,130,12:29:30,True,billing,Mitre 3844,Comodoro Rivadavia,Córdoba,AR,2636,2025-05-10,12:29:30,True
191,Catalina,Gómez,catalina.gomez@example.com,+54 9 0608-3450-584,F,2005-07-28,12,07:08:18,True,shipping,Mitre 8570,Mar del Plata,Neuquén,AR,9748,2025-01-12,07:08:18,True
192,Lucas,Muñoz,lucas.muñoz.1@example.com,+54 9 1642-2621-807,F,1986-09-28,107,01:44:13,True,shipping,Mitre 1677,Salta,Mendoza,AR,8370,2025-04-17,01:44:13,True
193,Catalina,Romero,catalina.romero@example.com,+54 9 1420-1324-521,F,1993-09-18,231,09:22:59,True,shipping,Sarmiento 9535,Córdoba,Entre Ríos,AR,9821,2025-08-19,09:22:59,True
193,Catalina,Romero,catalina.romero@example.com,+54 9 1420-1324-521,F,1993-09-18,231,09:22:59,True,billing,Reconquista 8463,Mendoza,Mendoza,AR,8987,2025-08-19,09:22:59,True
194,Victoria,González,victoria.gonzalez@example.com,+54 9 0604-3745-755,M,1994-10-10,54,22:59:59,True,shipping,Lavalle 1268,Comodoro Rivadavia,Entre Ríos,AR,2296,2025-02-23,22:59:59,True
194,Victoria,González,victoria.gonzalez@example.com,+54 9 0604-3745-755,M,1994-10-10,54,22:59:59,True,billing,Reconquista 4873,Mendoza,Santa Fe,AR,5382,2025-02-23,22:59:59,True
195,Tomás,Sosa,tomas.sosa.1@example.com,+54 9 2144-8377-523,F,1987-08-25,2,21:22:08,True,shipping,Alsina 3944,Mar del Plata,Buenos Aires,AR,5122,2025-01-02,21:22:08,True
196,Valentina,Pérez,valentina.perez.1@example.com,+54 9 1949-9985-155,F,1980-07-04,,02:19:21,False,shipping,Av. Corrientes 4400,La Plata,Chubut,AR,3544,2024-08-18,02:19:21,True
196,Valentina,Pérez,valentina.perez.1@example.com,+54 9 1949-9985-155,F,1980-07-04,,02:19:21,False,billing,Av. Rivadavia 4153,Rosario,Salta,AR,5655,2024-08-18,02:19:21,True
197,Victoria,López,victoria.lopez@example.com,+54 9 0154-6846-981,M,1978-09-27,,01:02:24,False,shipping,Calle San Martín 9087,Neuquén,Neuquén,AR,8288,2024-09-26,01:02:24,True
197,Victoria,López,victoria.lopez@example.com,+54 9 0154-6846-981,M,1978-09-27,,01:02:24,False,billing,Sarmiento 9890,Mar del Plata,Chubut,AR,8480,2024-09-26,01:02:24,True
198,Mía,Torres,mia.torres.1@example.com,+54 9 1433-8891-652,F,2003-11-21,90,11:16:27,False,shipping,Reconquista 6853,Rosario,Neuquén,AR,5256,2025-03-31,11:16:27,True
198,Mía,Torres,mia.torres.1@example.com,+54 9 1433-8891-652,F,2003-11-21,90,11:16:27,False,billing,Guemes 2333,Buenos Aires,Buenos Aires,AR,6634,2025-03-31,11:16:27,True
199,Joaquín,Ramírez,joaquin.ramirez@example.com,+54 9 1238-1149-884,M,2004-01-23,68,17:22:10,False,shipping,Dorrego 218,Córdoba,Entre Ríos,AR,9981,2025-03-09,17:22:10,True
199,Joaquín,Ramírez,joaquin.ramirez@example.com,+54 9 1238-1149-884,M,2004-01-23,68,17:22:10,False,billing,Lavalle 6567,Neuquén,Salta,AR,5094,2025-03-09,17:22:10,True
200,Thiago,Sosa,thiago.sosa@example.com,+54 9 2572-4924-629,X,1994-04-09,,15:22:23,False,shipping,Mitre 8815,Rosario,Mendoza,AR,5404,2024-08-10,15:22:23,True
200,Thiago,Sosa,thiago.sosa@example.com,+54 9 2572-4924-629,X,1994-04-09,,15:22:23,False,billing,Av. Belgrano 4844,Mar del Plata,CABA,AR,2808,2024-08-10,15:22:23,True
201,Victoria,Herrera,victoria.herrera.1@example.com,+54 9 0780-6253-119,F,1998-05-23,135,17:54:46,True,shipping,Av. Belgrano 1775,Buenos Aires,Chubut,AR,5622,2025-05-15,17:54:46,True
201,Victoria,Herrera,victoria.herrera.1@example.com,+54 9 0780-6253-119,F,1998-05-23,135,17:54:46,True,billing,Av. Santa Fe 3914,CABA,Neuquén,AR,2477,2025-05-15,17:54:46,True
202,Martina,García,martina.garcia@example.com,+54 9 2052-7084-574,X,2001-04-11,32,11:20:38,False,shipping,Dorrego 2493,La Plata,Tucumán,AR,1918,2025-02-01,11:20:38,True
202,Martina,García,martina.garcia@example.com,+54 9 2052-7084-574,X,2001-04-11,32,11:20:38,False,billing,Guemes 7802,La Plata,Salta,AR,3975,2025-02-01,11:20:38,True
203,Isabella,Díaz,isabella.diaz@example.com,+54 9 1587-8257-353,X,1994-01-04,210,09:03:51,False,shipping,Alsina 1639,Salta,Santa Fe,AR,9538,2025-07-29,09:03:51,True
204,Isabella,Ramírez,isabella.ramirez@example.com,+54 9 2588-1691-862,X,1994-11-10,,05:46:29,True,shipping,Mitre 4995,Salta,Mendoza,AR,4255,2024-12-13,05:46:29,True
204,Isabella,Ramírez,isabella.ramirez@example.com,+54 9 2588-1691-862,X,1994-11-10,,05:46:29,True,billing,Av. Rivadavia 1950,Paraná,Buenos Aires,AR,4866,2024-12-13,05:46:29,True
205,Francisco,Álvarez,francisco.alvarez@example.com,+54 9 0501-7484-908,F,1970-03-26,,21:17:17,True,shipping,Dorrego 7886,Comodoro Rivadavia,Buenos Aires,AR,3539,2024-11-19,21:17:17,True
205,Francisco,Álvarez,francisco.alvarez@example.com,+54 9 0501-7484-908,F,1970-03-26,,21:17:17,True,billing,Av. Belgrano 8290,Córdoba,CABA,AR,2497,2024-11-19,21:17:17,True
206,Tomás,Álvarez,tomas.alvarez.1@example.com,+54 9 2883-9787-910,F,1973-01-12,147,05:36:14,True,shipping,Guemes 5790,Mendoza,Santa Fe,AR,8187,2025-05-27,05:36:14,True
207,Sofía,Sosa,sofia.sosa.2@example.com,+54 9 1998-8168-672,M,1992-12-05,,01:26:15,True,shipping,Sarmiento 3157,Córdoba,Neuquén,AR,9906,2024-11-06,01:26:15,True
207,Sofía,Sosa,sofia.sosa.2@example.com,+54 9 1998-8168-672,M,1992-12-05,,01:26:15,True,billing,Sarmiento 9185,Rosario,Neuquén,AR,3627,2024-11-06,01:26:15,True
208,Valentina,Flores,valentina.flores.3@example.com,+54 9 2229-7014-564,F,1979-08-10,236,09:35:17,False,shipping,Alsina 3139,San Miguel de Tucumán,Chubut,AR,1306,2025-08-24,09:35:17,True
209,Lorenzo,Herrera,lorenzo.herrera@example.com,+54 9 2218-7348-294,X,1985-06-24,,23:58:03,True,shipping,Sarmiento 4738,Mar del Plata,Chubut,AR,6285,2024-08-02,23:58:03,True
209,Lorenzo,Herrera,lorenzo.herrera@example.com,+54 9 2218-7348-294,X,1985-06-24,,23:58:03,True,billing,Av. Corrientes 8672,La Plata,Tucumán,AR,2092,2024-08-02,23:58:03,True
210,Mateo,López,mateo.lopez.1@example.com,+54 9 0795-2617-132,X,1981-01-07,,17:40:18,True,shipping,Urquiza 8715,Paraná,Salta,AR,5193,2024-08-24,17:40:18,True
210,Mateo,López,mateo.lopez.1@example.com,+54 9 0795-2617-132,X,1981-01-07,,17:40:18,True,billing,Alsina 1261,Comodoro Rivadavia,Santa Fe,AR,1214,2024-08-24,17:40:18,True
211,Isabella,Ramírez,isabella.ramirez.1@example.com,+54 9 1489-7814-941,M,1975-08-26,144,02:12:36,False,shipping,Calle San Martín 8767,Comodoro Rivadavia,Buenos Aires,AR,1666,2025-05-24,02:12:36,True
212,Joaquín,González,joaquin.gonzalez.2@example.com,+54 9 2188-7313-294,F,1983-09-04,,08:24:39,True,shipping,Mitre 3031,Comodoro Rivadavia,Santa Fe,AR,7802,2024-08-21,08:24:39,True
213,Mía,Romero,mia.romero.2@example.com,+54 9 0694-3955-663,M,1999-12-22,35,03:47:24,True,shipping,Sarmiento 7358,Neuquén,Córdoba,AR,6772,2025-02-04,03:47:24,True
214,Dante,Álvarez,dante.alvarez@example.com,+54 9 2984-6299-723,F,1993-07-25,141,15:40:38,True,shipping,Dorrego 9115,San Miguel de Tucumán,Santa Fe,AR,5162,2025-05-21,15:40:38,True
214,Dante,Álvarez,dante.alvarez@example.com,+54 9 2984-6299-723,F,1993-07-25,141,15:40:38,True,billing,Lavalle 103,Salta,Neuquén,AR,1567,2025-05-21,15:40:38,True
215,Joaquín,Herrera,joaquin.herrera@example.com,+54 9 1241-4635-319,M,1971-09-05,,00:14:20,True,shipping,Guemes 9214,Neuquén,Mendoza,AR,3534,2024-12-02,00:14:20,True
215,Joaquín,Herrera,joaquin.herrera@example.com,+54 9 1241-4635-319,M,1971-09-05,,00:14:20,True,billing,Av. Belgrano 2367,Mendoza,Neuquén,AR,5341,2024-12-02,00:14:20,True
216,Lorenzo,Benítez,lorenzo.benitez.1@example.com,+54 9 0387-7550-682,F,1985-04-09,232,10:56:01,False,shipping,Av. Belgrano 8099,Salta,Tucumán,AR,2562,2025-08-20,10:56:01,True
216,Lorenzo,Benítez,lorenzo.benitez.1@example.com,+54 9 0387-7550-682,F,1985-04-09,232,10:56:01,False,billing,Alsina 9541,Buenos Aires,Mendoza,AR,7251,2025-08-20,10:56:01,True
217,Valentina,Rodríguez,valentina.rodriguez@example.com,+54 9 0504-4714-865,X,1991-06-27,39,15:09:54,False,shipping,Dorrego 6366,Paraná,Buenos Aires,AR,1886,2025-02-08,15:09:54,True
217,Valentina,Rodríguez,valentina.rodriguez@example.com,+54 9 0504-4714-865,X,1991-06-27,39,15:09:54,False,billing,Guemes 9355,Mendoza,Buenos Aires,AR,3450,2025-02-08,15:09:54,True
218,Camila,Flores,camila.flores.1@example.com,+54 9 1836-9269-192,F,1984-03-02,161,14:18:15,True,shipping,Av. Belgrano 5607,Mar del Plata,Salta,AR,2352,2025-06-10,14:18:15,True
218,Camila,Flores,camila.flores.1@example.com,+54 9 1836-9269-192,F,1984-03-02,161,14:18:15,True,billing,Lavalle 4401,Neuquén,Buenos Aires,AR,2393,2025-06-10,14:18:15,True
219,Julieta,Flores,julieta.flores@example.com,+54 9 1980-4245-599,M,1997-12-05,207,04:54:37,True,shipping,Sarmiento 8689,Neuquén,Santa Fe,AR,5034,2025-07-26,04:54:37,True
219,Julieta,Flores,julieta.flores@example.com,+54 9 1980-4245-599,M,1997-12-05,207,04:54:37,True,billing,Reconquista 9537,San Miguel de Tucumán,Mendoza,AR,2467,2025-07-26,04:54:37,True
220,Santiago,Torres,santiago.torres.2@example.com,+54 9 1422-1396-888,M,1997-06-12,,11:40:39,True,shipping,Dorrego 7345,Comodoro Rivadavia,Tucumán,AR,3389,2024-10-06,11:40:39,True
220,Santiago,Torres,santiago.torres.2@example.com,+54 9 1422-1396-888,M,1997-06-12,,11:40:39,True,billing,Mitre 6224,Córdoba,Santa Fe,AR,3555,2024-10-06,11:40:39,True
221,Valentina,Fernández,valentina.fernandez@example.com,+54 9 0067-6624-810,F,1973-04-20,,10:28:27,True,shipping,Reconquista 3524,Buenos Aires,Neuquén,AR,9814,2024-09-14,10:28:27,True
221,Valentina,Fernández,valentina.fernandez@example.com,+54 9 0067-6624-810,F,1973-04-20,,10:28:27,True,billing,Dorrego 4337,Neuquén,Chubut,AR,9991,2024-09-14,10:28:27,True
222,Lucas,Herrera,lucas.herrera.1@example.com,+54 9 1553-9631-144,M,1979-12-23,159,00:40:10,True,shipping,Dorrego 4544,Córdoba,Mendoza,AR,1869,2025-06-08,00:40:10,True
222,Lucas,Herrera,lucas.herrera.1@example.com,+54 9 1553-9631-144,M,1979-12-23,159,00:40:10,True,billing,Lavalle 4545,La Plata,Buenos Aires,AR,6901,2025-06-08,00:40:10,True
223,Santiago,García,santiago.garcia.1@example.com,+54 9 2093-2631-423,M,1988-11-13,,13:51:39,False,shipping,Av. Belgrano 3358,La Plata,Chubut,AR,9202,2024-10-27,13:51:39,True
224,Dante,García,dante.garcia.1@example.com,+54 9 2017-7445-862,F,1972-04-17,,12:08:41,True,shipping,Mitre 5053,Mendoza,Tucumán,AR,4869,2024-12-04,12:08:41,True
225,Emma,Díaz,emma.diaz@example.com,+54 9 2284-5590-330,F,1973-11-09,15,01:04:22,True,shipping,Av. Belgrano 1538,Paraná,Salta,AR,7262,2025-01-15,01:04:22,True
225,Emma,Díaz,emma.diaz@example.com,+54 9 2284-5590-330,F,1973-11-09,15,01:04:22,True,billing,Mitre 3826,Paraná,Entre Ríos,AR,7837,2025-01-15,01:04:22,True
226,Benjamín,Benítez,benjamin.benitez@example.com,+54 9 1850-9883-234,F,1979-07-10,126,11:59:20,True,shipping,Mitre 3414,Neuquén,Entre Ríos,AR,3262,2025-05-06,11:59:20,True
226,Benjamín,Benítez,benjamin.benitez@example.com,+54 9 1850-9883-234,F,1979-07-10,126,11:59:20,True,billing,Lavalle 2478,Mar del Plata,Chubut,AR,3589,2025-05-06,11:59:20,True
227,Camila,González,camila.gonzalez.2@example.com,+54 9 1311-3384-844,F,2005-09-24,,06:42:14,False,shipping,Calle San Martín 7358,San Miguel de Tucumán,Salta,AR,5485,2024-08-30,06:42:14,True
227,Camila,González,camila.gonzalez.2@example.com,+54 9 1311-3384-844,F,2005-09-24,,06:42:14,False,billing,Av. Belgrano 3126,La Plata,Santa Fe,AR,1429,2024-08-30,06:42:14,True
228,Tomás,Herrera,tomas.herrera@example.com,+54 9 2453-4804-336,X,1987-10-19,130,08:24:26,True,shipping,Dorrego 7908,CABA,CABA,AR,3196,2025-05-10,08:24:26,True
228,Tomás,Herrera,tomas.herrera@example.com,+54 9 2453-4804-336,X,1987-10-19,130,08:24:26,True,billing,Alsina 6226,Salta,Entre Ríos,AR,4014,2025-05-10,08:24:26,True
229,Julieta,Ramírez,julieta.ramirez.1@example.com,+54 9 0143-7694-882,F,2000-03-06,,08:14:18,False,shipping,Alsina 3423,Córdoba,Salta,AR,4351,2024-10-07,08:14:18,True
229,Julieta,Ramírez,julieta.ramirez.1@example.com,+54 9 0143-7694-882,F,2000-03-06,,08:14:18,False,billing,Urquiza 5423,Comodoro Rivadavia,Neuquén,AR,8496,2024-10-07,08:14:18,True
230,Benjamín,Torres,benjamin.torres@example.com,+54 9 2960-6126-503,X,1995-01-20,193,13:50:56,False,shipping,Guemes 8705,Comodoro Rivadavia,Entre Ríos,AR,1630,2025-07-12,13:50:56,True
230,Benjamín,Torres,benjamin.torres@example.com,+54 9 2960-6126-503,X,1995-01-20,193,13:50:56,False,billing,Av. Santa Fe 4125,Salta,Neuquén,AR,9498,2025-07-12,13:50:56,True
231,Dante,Sosa,dante.sosa@example.com,+54 9 0212-4110-398,M,1972-09-13,81,22:57:40,True,shipping,Urquiza 2827,Rosario,Mendoza,AR,7921,2025-03-22,22:57:40,True
231,Dante,Sosa,dante.sosa@example.com,+54 9 0212-4110-398,M,1972-09-13,81,22:57:40,True,billing,Guemes 2430,CABA,Buenos Aires,AR,8595,2025-03-22,22:57:40,True
232,Victoria,González,victoria.gonzalez.1@example.com,+54 9 2862-9952-238,M,2002-02-06,215,21:18:55,True,shipping,Av. Belgrano 7533,Buenos Aires,Neuquén,AR,4308,2025-08-03,21:18:55,True
233,Valentina,Díaz,valentina.diaz.1@example.com,+54 9 2953-3024-193,F,1990-12-21,181,05:58:15,False,shipping,Guemes 6392,La Plata,Tucumán,AR,9383,2025-06-30,05:58:15,True
234,Thiago,Sosa,thiago.sosa.1@example.com,+54 9 1383-3459-266,F,2005-07-02,210,06:13:18,True,shipping,Calle San Martín 5171,San Miguel de Tucumán,Buenos Aires,AR,8311,2025-07-29,06:13:18,True
234,Thiago,Sosa,thiago.sosa.1@example.com,+54 9 1383-3459-266,F,2005-07-02,210,06:13:18,True,billing,Av. Belgrano 3423,La Plata,Córdoba,AR,1057,2025-07-29,06:13:18,True
235,Tomás,Díaz,tomas.diaz.2@example.com,+54 9 0034-9084-343,F,1970-08-16,72,19:47:17,True,shipping,Lavalle 7339,Salta,Neuquén,AR,2300,2025-03-13,19:47:17,True
236,Sofía,Gómez,sofia.gomez@example.com,+54 9 0861-1801-289,F,2005-05-20,138,20:17:59,True,shipping,Av. Belgrano 631,Buenos Aires,Tucumán,AR,5889,2025-05-18,20:17:59,True
236,Sofía,Gómez,sofia.gomez@example.com,+54 9 0861-1801-289,F,2005-05-20,138,20:17:59,True,billing,Av. Corrientes 6931,Buenos Aires,CABA,AR,3920,2025-05-18,20:17:59,True
237,Thiago,Muñoz,thiago.muñoz@example.com,+54 9 1486-1587-195,M,2006-09-06,50,21:04:46,True,shipping,Dorrego 7101,La Plata,Salta,AR,2063,2025-02-19,21:04:46,True
237,Thiago,Muñoz,thiago.muñoz@example.com,+54 9 1486-1587-195,M,2006-09-06,50,21:04:46,True,billing,Alsina 4596,La Plata,Córdoba,AR,6393,2025-02-19,21:04:46,True
238,Emma,Torres,emma.torres.1@example.com,+54 9 0249-2790-685,X,2003-04-23,,22:17:03,False,shipping,Urquiza 4805,La Plata,Chubut,AR,7996,2024-10-16,22:17:03,True
239,Camila,Díaz,camila.diaz@example.com,+54 9 2527-9132-632,X,2003-10-20,,04:43:21,True,shipping,Sarmiento 3912,Mar del Plata,Neuquén,AR,5759,2024-12-29,04:43:21,True
240,Sofía,Fernández,sofia.fernandez@example.com,+54 9 0860-7793-523,F,1971-08-21,224,04:17:36,True,shipping,Av. Rivadavia 285,Paraná,Chubut,AR,4296,2025-08-12,04:17:36,True
241,Catalina,González,catalina.gonzalez@example.com,+54 9 0036-2865-802,M,1989-05-17,98,11:47:37,True,shipping,Av. Santa Fe 2977,Comodoro Rivadavia,Entre Ríos,AR,4178,2025-04-08,11:47:37,True
241,Catalina,González,catalina.gonzalez@example.com,+54 9 0036-2865-802,M,1989-05-17,98,11:47:37,True,billing,Urquiza 7874,Paraná,Tucumán,AR,1582,2025-04-08,11:47:37,True
242,Martina,Ramírez,martina.ramirez@example.com,+54 9 1905-7782-860,F,1979-11-15,91,12:12:03,False,shipping,Alsina 5269,Comodoro Rivadavia,Mendoza,AR,9779,2025-04-01,12:12:03,True
242,Martina,Ramírez,martina.ramirez@example.com,+54 9 1905-7782-860,F,1979-11-15,91,12:12:03,False,billing,Reconquista 5893,Paraná,Entre Ríos,AR,2084,2025-04-01,12:12:03,True
243,Martina,Díaz,martina.diaz@example.com,+54 9 0690-7382-291,X,1971-06-13,137,19:27:08,True,shipping,Reconquista 618,CABA,Mendoza,AR,5448,2025-05-17,19:27:08,True
243,Martina,Díaz,martina.diaz@example.com,+54 9 0690-7382-291,X,1971-06-13,137,19:27:08,True,billing,Reconquista 7504,Córdoba,Neuquén,AR,5958,2025-05-17,19:27:08,True
244,Isabella,Flores,isabella.flores.1@example.com,+54 9 0838-2517-554,X,1989-03-04,8,01:21:41,True,shipping,Av. Belgrano 3216,Neuquén,Neuquén,AR,6572,2025-01-08,01:21:41,True
245,Emma,Muñoz,emma.muñoz@example.com,+54 9 2782-3174-310,X,1990-03-25,,18:47:32,True,shipping,Guemes 1997,CABA,Salta,AR,1067,2024-08-20,18:47:32,True
245,Emma,Muñoz,emma.muñoz@example.com,+54 9 2782-3174-310,X,1990-03-25,,18:47:32,True,billing,Sarmiento 1526,Paraná,Buenos Aires,AR,6460,2024-08-20,18:47:32,True
246,Victoria,Rodríguez,victoria.rodriguez@example.com,+54 9 0103-6114-754,F,1976-09-25,154,11:22:37,True,shipping,Calle San Martín 8820,Rosario,Santa Fe,AR,6228,2025-06-03,11:22:37,True
247,Santiago,Díaz,santiago.diaz@example.com,+54 9 2562-9422-204,F,1979-03-09,,00:33:19,True,shipping,Calle San Martín 2419,Mendoza,Chubut,AR,5641,2024-08-28,00:33:19,True
247,Santiago,Díaz,santiago.diaz@example.com,+54 9 2562-9422-204,F,1979-03-09,,00:33:19,True,billing,Calle San Martín 5649,La Plata,Córdoba,AR,9856,2024-08-28,00:33:19,True
248,Victoria,Rodríguez,victoria.rodriguez.1@example.com,+54 9 0444-7284-155,F,1978-01-16,162,01:50:13,True,shipping,Sarmiento 9811,CABA,Córdoba,AR,8304,2025-06-11,01:50:13,True
249,Joaquín,Álvarez,joaquin.alvarez@example.com,+54 9 0332-8629-681,F,1982-12-25,160,19:25:24,True,shipping,Urquiza 5185,La Plata,Neuquén,AR,8625,2025-06-09,19:25:24,True
249,Joaquín,Álvarez,joaquin.alvarez@example.com,+54 9 0332-8629-681,F,1982-12-25,160,19:25:24,True,billing,Sarmiento 4327,Mar del Plata,Santa Fe,AR,6954,2025-06-09,19:25:24,True
250,Julieta,Martínez,julieta.martinez@example.com,+54 9 0278-8787-215,M,1991-06-15,66,01:06:06,True,shipping,Dorrego 5811,Rosario,Córdoba,AR,3087,2025-03-07,01:06:06,True
250,Julieta,Martínez,julieta.martinez@example.com,+54 9 0278-8787-215,M,1991-06-15,66,01:06:06,True,billing,Dorrego 1852,CABA,Salta,AR,6339,2025-03-07,01:06:06,True
